-- phpMyAdmin SQL Dump
-- version 5.2.1
-- https://www.phpmyadmin.net/
--
-- Servidor: 127.0.0.1
-- Tiempo de generación: 09-06-2024 a las 23:37:47
-- Versión del servidor: 10.4.32-MariaDB
-- Versión de PHP: 8.2.12

SET SQL_MODE = "NO_AUTO_VALUE_ON_ZERO";
START TRANSACTION;
SET time_zone = "+00:00";


/*!40101 SET @OLD_CHARACTER_SET_CLIENT=@@CHARACTER_SET_CLIENT */;
/*!40101 SET @OLD_CHARACTER_SET_RESULTS=@@CHARACTER_SET_RESULTS */;
/*!40101 SET @OLD_COLLATION_CONNECTION=@@COLLATION_CONNECTION */;
/*!40101 SET NAMES utf8mb4 */;

--
-- Base de datos: `sistemadeventas2`
--

-- --------------------------------------------------------

--
-- Estructura de tabla para la tabla `tbl_clientes`
--

CREATE TABLE `tbl_clientes` (
  `id_cliente` int(11) NOT NULL,
  `nombre_cliente` varchar(255) NOT NULL,
  `cuil_cliente` varchar(255) NOT NULL,
  `celular_cliente` varchar(50) NOT NULL,
  `email_cliente` varchar(255) NOT NULL,
  `fyh_creacion` datetime NOT NULL,
  `fyh_actualizacion` datetime NOT NULL
) ENGINE=InnoDB DEFAULT CHARSET=utf8 COLLATE=utf8_spanish2_ci;

--
-- Volcado de datos para la tabla `tbl_clientes`
--

INSERT INTO `tbl_clientes` (`id_cliente`, `nombre_cliente`, `cuil_cliente`, `celular_cliente`, `email_cliente`, `fyh_creacion`, `fyh_actualizacion`) VALUES
(1, 'Julian Alvarez', '20-2345678-12', '3704056613', 'jualian@gmail.com', '2024-05-24 00:08:00', '2024-05-24 00:08:00'),
(2, 'Enzo Perez', '23-12345666-23', '3704273425', 'enzo@gmail.com', '2024-05-24 00:09:09', '2024-05-24 00:09:09'),
(3, 'ariel Saucedo', '23-25346232-9', '3704056613', 'snariel@hotmail.com.ar', '2024-05-25 23:08:48', '0000-00-00 00:00:00'),
(4, 'Consumidor Final', '00000000', '00000000', '0@0', '2024-06-01 23:47:04', '0000-00-00 00:00:00');

-- --------------------------------------------------------

--
-- Estructura de tabla para la tabla `tbl_ventas`
--

CREATE TABLE `tbl_ventas` (
  `id_venta` int(11) NOT NULL,
  `nro_venta` int(11) NOT NULL,
  `id_cliente` int(11) NOT NULL,
  `total_a_pagar` int(11) NOT NULL,
  `fyh_creacion` datetime NOT NULL,
  `fyh_actualizacion` datetime NOT NULL
) ENGINE=InnoDB DEFAULT CHARSET=utf8 COLLATE=utf8_spanish2_ci;

--
-- Volcado de datos para la tabla `tbl_ventas`
--

INSERT INTO `tbl_ventas` (`id_venta`, `nro_venta`, `id_cliente`, `total_a_pagar`, `fyh_creacion`, `fyh_actualizacion`) VALUES
(1, 1, 3, 208, '2024-05-27 21:12:40', '0000-00-00 00:00:00'),
(3, 2, 3, 184, '2024-06-01 21:59:02', '0000-00-00 00:00:00'),
(6, 3, 4, 16000, '2024-06-09 02:49:26', '0000-00-00 00:00:00');

-- --------------------------------------------------------

--
-- Estructura de tabla para la tabla `tb_almacen`
--

CREATE TABLE `tb_almacen` (
  `id_producto` int(11) NOT NULL,
  `codigo` varchar(255) NOT NULL,
  `nombre` varchar(255) NOT NULL,
  `descripcion` text DEFAULT NULL,
  `stock` int(11) NOT NULL,
  `stock_minimo` int(11) DEFAULT NULL,
  `stock_maximo` int(11) DEFAULT NULL,
  `precio_compra` varchar(255) NOT NULL,
  `precio_venta` varchar(255) NOT NULL,
  `fecha_ingreso` date NOT NULL,
  `imagen` text DEFAULT NULL,
  `id_usuario` int(11) NOT NULL,
  `id_categoria` int(11) NOT NULL,
  `fyh_creacion` datetime NOT NULL,
  `fyh_actualizacion` datetime NOT NULL
) ENGINE=InnoDB DEFAULT CHARSET=utf8 COLLATE=utf8_spanish_ci;

--
-- Volcado de datos para la tabla `tb_almacen`
--

INSERT INTO `tb_almacen` (`id_producto`, `codigo`, `nombre`, `descripcion`, `stock`, `stock_minimo`, `stock_maximo`, `precio_compra`, `precio_venta`, `fecha_ingreso`, `imagen`, `id_usuario`, `id_categoria`, `fyh_creacion`, `fyh_actualizacion`) VALUES
(1, 'P-00001', 'COCA COLA', 'de 2 litros', 42, 20, 500, '9', '12', '2023-02-12', '2024-05-03-11-33-07__coca 2l.jpg', 1, 1, '2023-02-12 18:26:25', '2024-05-03 23:33:45'),
(3, 'P-00003', 'VINO TINTO', 'VINO TINTO BLANCO DE 300 ml', 12, 10, 200, '50', '80', '2023-02-13', '2023-02-13-02-35-15__vino.JPG', 1, 1, '2023-02-13 14:35:15', '0000-00-00 00:00:00'),
(4, 'P-66660', 'Auriculares', '', 40, 5, 30, '6000', '8000', '2024-06-01', '2024-06-01-11-44-50__2023-02-13-02-29-53__8810fb37cb2f03d30c7c467ec772b5ed6811e7e6.jpeg', 1, 4, '2024-06-01 23:44:35', '2024-06-01 23:44:50');

-- --------------------------------------------------------

--
-- Estructura de tabla para la tabla `tb_carrito`
--

CREATE TABLE `tb_carrito` (
  `id_carrito` int(11) NOT NULL,
  `nro_venta` int(11) NOT NULL,
  `id_producto` int(11) NOT NULL,
  `cantidad` int(11) NOT NULL,
  `fyh_creacion` datetime NOT NULL,
  `fyh_actualizacion` datetime NOT NULL
) ENGINE=InnoDB DEFAULT CHARSET=utf8 COLLATE=utf8_spanish2_ci;

--
-- Volcado de datos para la tabla `tb_carrito`
--

INSERT INTO `tb_carrito` (`id_carrito`, `nro_venta`, `id_producto`, `cantidad`, `fyh_creacion`, `fyh_actualizacion`) VALUES
(1, 1, 3, 2, '2024-05-15 19:42:42', '0000-00-00 00:00:00'),
(2, 1, 1, 4, '2024-05-15 20:36:00', '0000-00-00 00:00:00'),
(6, 2, 1, 2, '2024-05-27 21:30:41', '0000-00-00 00:00:00'),
(7, 2, 3, 2, '2024-05-27 21:30:50', '0000-00-00 00:00:00'),
(12, 3, 4, 2, '2024-06-09 02:49:06', '0000-00-00 00:00:00');

-- --------------------------------------------------------

--
-- Estructura de tabla para la tabla `tb_categorias`
--

CREATE TABLE `tb_categorias` (
  `id_categoria` int(11) NOT NULL,
  `nombre_categoria` varchar(255) NOT NULL,
  `fyh_creacion` datetime NOT NULL,
  `fyh_actualizacion` datetime NOT NULL
) ENGINE=InnoDB DEFAULT CHARSET=utf8 COLLATE=utf8_spanish_ci;

--
-- Volcado de datos para la tabla `tb_categorias`
--

INSERT INTO `tb_categorias` (`id_categoria`, `nombre_categoria`, `fyh_creacion`, `fyh_actualizacion`) VALUES
(1, 'LIQUIDOS', '2023-01-24 22:25:10', '2023-01-24 22:25:10'),
(2, 'FRUTAS', '2023-01-25 14:39:50', '2023-01-25 15:09:07'),
(3, 'COMIDAS', '2023-01-25 14:40:27', '0000-00-00 00:00:00'),
(4, 'ELECTRODOMESTICOS', '2023-01-25 14:41:14', '0000-00-00 00:00:00'),
(5, 'VERDURAS', '2023-01-25 14:43:06', '0000-00-00 00:00:00'),
(6, 'MEDICAMENTOS Y COMIDAS', '2023-01-25 14:44:51', '2023-01-25 15:09:22'),
(8, 'algo2', '2023-01-25 17:49:21', '2023-01-25 17:54:25'),
(9, 'algo3', '2023-01-25 17:54:06', '2023-01-25 17:57:31'),
(11, 'ELECTRONICOS', '2023-01-29 23:01:42', '0000-00-00 00:00:00');

-- --------------------------------------------------------

--
-- Estructura de tabla para la tabla `tb_compras`
--

CREATE TABLE `tb_compras` (
  `id_compra` int(11) NOT NULL,
  `id_producto` int(11) NOT NULL,
  `nro_compra` int(11) NOT NULL,
  `fecha_compra` date NOT NULL,
  `id_proveedor` int(11) NOT NULL,
  `comprobante` varchar(255) NOT NULL,
  `id_usuario` int(11) NOT NULL,
  `precio_compra` varchar(50) NOT NULL,
  `cantidad` int(11) NOT NULL,
  `fyh_creacion` datetime NOT NULL,
  `fyh_actualizacion` datetime NOT NULL
) ENGINE=InnoDB DEFAULT CHARSET=utf8 COLLATE=utf8_spanish_ci;

--
-- Volcado de datos para la tabla `tb_compras`
--

INSERT INTO `tb_compras` (`id_compra`, `id_producto`, `nro_compra`, `fecha_compra`, `id_proveedor`, `comprobante`, `id_usuario`, `precio_compra`, `cantidad`, `fyh_creacion`, `fyh_actualizacion`) VALUES
(1, 4, 1, '2024-05-07', 10, 'FACTURA', 1, '200', 50, '2023-02-12 23:37:24', '2024-06-03 20:56:13'),
(2, 4, 2, '2023-04-06', 10, 'FACTURA NRO 120', 1, '5000', 50, '2023-02-17 22:35:24', '2024-06-03 20:03:06'),
(3, 4, 3, '2023-05-01', 11, 'NOTA DE VENTA NRO 523', 1, '250', 100, '2023-02-17 22:37:33', '2024-06-03 20:04:03'),
(4, 3, 4, '2023-02-21', 10, 'FACTURA NRO 300', 1, '5000', 50, '2023-02-21 17:08:58', '0000-00-00 00:00:00'),
(5, 3, 5, '2023-02-21', 10, 'NOTA DE VENTA 0001', 1, '1000', 20, '2023-02-21 17:10:16', '2023-03-05 22:17:59'),
(6, 1, 6, '2023-02-21', 10, 'FACTURA NRO 320', 1, '2350', 150, '2023-02-21 17:11:12', '0000-00-00 00:00:00');

-- --------------------------------------------------------

--
-- Estructura de tabla para la tabla `tb_proveedores`
--

CREATE TABLE `tb_proveedores` (
  `id_proveedor` int(11) NOT NULL,
  `nombre_proveedor` varchar(255) NOT NULL,
  `celular` varchar(50) NOT NULL,
  `telefono` varchar(50) DEFAULT NULL,
  `empresa` varchar(255) NOT NULL,
  `email` varchar(50) DEFAULT NULL,
  `direccion` varchar(255) NOT NULL,
  `fyh_creacion` datetime NOT NULL,
  `fyh_actualizacion` datetime NOT NULL
) ENGINE=InnoDB DEFAULT CHARSET=utf8 COLLATE=utf8_spanish_ci;

--
-- Volcado de datos para la tabla `tb_proveedores`
--

INSERT INTO `tb_proveedores` (`id_proveedor`, `nombre_proveedor`, `celular`, `telefono`, `empresa`, `email`, `direccion`, `fyh_creacion`, `fyh_actualizacion`) VALUES
(10, 'Ariel Saucedo', '3704056613', '3704056613', 'Prime', 'snariel@hotmail.com.ar', 'Rep Del Brasil', '2023-02-12 18:27:10', '2024-05-03 23:35:42'),
(11, 'Fernando Ayala', '3704811541', '3704811541', 'RE III', 'fernandoayala@gmail.com', 'Villa Dos Trece', '2023-02-14 16:23:39', '2024-05-03 23:18:39');

-- --------------------------------------------------------

--
-- Estructura de tabla para la tabla `tb_roles`
--

CREATE TABLE `tb_roles` (
  `id_rol` int(11) NOT NULL,
  `rol` varchar(255) NOT NULL,
  `fyh_creacion` datetime NOT NULL,
  `fyh_actualizacion` datetime NOT NULL
) ENGINE=InnoDB DEFAULT CHARSET=utf8 COLLATE=utf8_spanish_ci;

--
-- Volcado de datos para la tabla `tb_roles`
--

INSERT INTO `tb_roles` (`id_rol`, `rol`, `fyh_creacion`, `fyh_actualizacion`) VALUES
(1, 'ADMINISTRADOR', '2023-01-23 23:15:19', '2023-01-23 23:15:19'),
(3, 'VENDEDOR', '2023-01-23 19:11:28', '2023-01-23 20:13:35'),
(4, 'CONTADOR', '2023-01-23 21:09:54', '0000-00-00 00:00:00'),
(5, 'ALMACEN', '2023-01-24 08:28:24', '0000-00-00 00:00:00');

-- --------------------------------------------------------

--
-- Estructura de tabla para la tabla `tb_usuarios`
--

CREATE TABLE `tb_usuarios` (
  `id_usuario` int(11) NOT NULL,
  `nombres` varchar(255) NOT NULL,
  `email` varchar(255) NOT NULL,
  `password_user` text NOT NULL,
  `token` varchar(100) NOT NULL,
  `id_rol` int(11) NOT NULL,
  `fyh_creacion` datetime NOT NULL,
  `fyh_actualizacion` datetime NOT NULL
) ENGINE=InnoDB DEFAULT CHARSET=utf8 COLLATE=utf8_spanish_ci;

--
-- Volcado de datos para la tabla `tb_usuarios`
--

INSERT INTO `tb_usuarios` (`id_usuario`, `nombres`, `email`, `password_user`, `token`, `id_rol`, `fyh_creacion`, `fyh_actualizacion`) VALUES
(1, 'Ariel Saucedo', 'snariel@hotmail.com.ar', '$2y$10$vq4QdsJyAyX4NsaNFxineefz61moG5EOh9XBRMBMyxj01POKPrYGW', '', 1, '2023-01-24 15:16:01', '2024-05-03 22:22:06'),
(2, 'pedro', 'pedro@gmail.com', '$2y$10$s3VfOBuqjXsVYzwAaH1xgeeujSVgmNV/nD6dVJsxZdHmIt8K9j8W2', '', 3, '2024-05-20 20:07:55', '0000-00-00 00:00:00'),
(3, 'Fernando Ayala', 'fernando@gmail.com', '$2y$10$DSV3XV.OWNX1KXWUpsk4auIL.Cyab94m3xmpqKdN1ZfTxB5uNIjBG', '', 1, '2024-05-23 20:53:16', '0000-00-00 00:00:00');

--
-- Índices para tablas volcadas
--

--
-- Indices de la tabla `tbl_clientes`
--
ALTER TABLE `tbl_clientes`
  ADD PRIMARY KEY (`id_cliente`);

--
-- Indices de la tabla `tbl_ventas`
--
ALTER TABLE `tbl_ventas`
  ADD PRIMARY KEY (`id_venta`),
  ADD KEY `id_cliente` (`id_cliente`),
  ADD KEY `nro_venta` (`nro_venta`);

--
-- Indices de la tabla `tb_almacen`
--
ALTER TABLE `tb_almacen`
  ADD PRIMARY KEY (`id_producto`),
  ADD KEY `id_usuario` (`id_usuario`),
  ADD KEY `id_categoria` (`id_categoria`);

--
-- Indices de la tabla `tb_carrito`
--
ALTER TABLE `tb_carrito`
  ADD PRIMARY KEY (`id_carrito`),
  ADD KEY `id_venta` (`nro_venta`),
  ADD KEY `id_producto` (`id_producto`);

--
-- Indices de la tabla `tb_categorias`
--
ALTER TABLE `tb_categorias`
  ADD PRIMARY KEY (`id_categoria`);

--
-- Indices de la tabla `tb_compras`
--
ALTER TABLE `tb_compras`
  ADD PRIMARY KEY (`id_compra`),
  ADD KEY `id_producto` (`id_producto`),
  ADD KEY `id_proveedor` (`id_proveedor`),
  ADD KEY `id_usuario` (`id_usuario`);

--
-- Indices de la tabla `tb_proveedores`
--
ALTER TABLE `tb_proveedores`
  ADD PRIMARY KEY (`id_proveedor`);

--
-- Indices de la tabla `tb_roles`
--
ALTER TABLE `tb_roles`
  ADD PRIMARY KEY (`id_rol`);

--
-- Indices de la tabla `tb_usuarios`
--
ALTER TABLE `tb_usuarios`
  ADD PRIMARY KEY (`id_usuario`),
  ADD KEY `id_rol` (`id_rol`);

--
-- AUTO_INCREMENT de las tablas volcadas
--

--
-- AUTO_INCREMENT de la tabla `tbl_clientes`
--
ALTER TABLE `tbl_clientes`
  MODIFY `id_cliente` int(11) NOT NULL AUTO_INCREMENT, AUTO_INCREMENT=5;

--
-- AUTO_INCREMENT de la tabla `tbl_ventas`
--
ALTER TABLE `tbl_ventas`
  MODIFY `id_venta` int(11) NOT NULL AUTO_INCREMENT, AUTO_INCREMENT=7;

--
-- AUTO_INCREMENT de la tabla `tb_almacen`
--
ALTER TABLE `tb_almacen`
  MODIFY `id_producto` int(11) NOT NULL AUTO_INCREMENT, AUTO_INCREMENT=5;

--
-- AUTO_INCREMENT de la tabla `tb_carrito`
--
ALTER TABLE `tb_carrito`
  MODIFY `id_carrito` int(11) NOT NULL AUTO_INCREMENT, AUTO_INCREMENT=13;

--
-- AUTO_INCREMENT de la tabla `tb_categorias`
--
ALTER TABLE `tb_categorias`
  MODIFY `id_categoria` int(11) NOT NULL AUTO_INCREMENT, AUTO_INCREMENT=12;

--
-- AUTO_INCREMENT de la tabla `tb_compras`
--
ALTER TABLE `tb_compras`
  MODIFY `id_compra` int(11) NOT NULL AUTO_INCREMENT, AUTO_INCREMENT=8;

--
-- AUTO_INCREMENT de la tabla `tb_proveedores`
--
ALTER TABLE `tb_proveedores`
  MODIFY `id_proveedor` int(11) NOT NULL AUTO_INCREMENT, AUTO_INCREMENT=12;

--
-- AUTO_INCREMENT de la tabla `tb_roles`
--
ALTER TABLE `tb_roles`
  MODIFY `id_rol` int(11) NOT NULL AUTO_INCREMENT, AUTO_INCREMENT=6;

--
-- AUTO_INCREMENT de la tabla `tb_usuarios`
--
ALTER TABLE `tb_usuarios`
  MODIFY `id_usuario` int(11) NOT NULL AUTO_INCREMENT, AUTO_INCREMENT=4;

--
-- Restricciones para tablas volcadas
--

--
-- Filtros para la tabla `tbl_ventas`
--
ALTER TABLE `tbl_ventas`
  ADD CONSTRAINT `tbl_ventas_ibfk_1` FOREIGN KEY (`id_cliente`) REFERENCES `tbl_clientes` (`id_cliente`) ON DELETE NO ACTION ON UPDATE NO ACTION,
  ADD CONSTRAINT `tbl_ventas_ibfk_2` FOREIGN KEY (`nro_venta`) REFERENCES `tb_carrito` (`nro_venta`) ON DELETE NO ACTION ON UPDATE NO ACTION;

--
-- Filtros para la tabla `tb_almacen`
--
ALTER TABLE `tb_almacen`
  ADD CONSTRAINT `tb_almacen_ibfk_1` FOREIGN KEY (`id_categoria`) REFERENCES `tb_categorias` (`id_categoria`) ON UPDATE CASCADE,
  ADD CONSTRAINT `tb_almacen_ibfk_2` FOREIGN KEY (`id_usuario`) REFERENCES `tb_usuarios` (`id_usuario`) ON DELETE NO ACTION ON UPDATE CASCADE;

--
-- Filtros para la tabla `tb_carrito`
--
ALTER TABLE `tb_carrito`
  ADD CONSTRAINT `tb_carrito_ibfk_1` FOREIGN KEY (`id_producto`) REFERENCES `tb_almacen` (`id_producto`) ON DELETE NO ACTION ON UPDATE NO ACTION;

--
-- Filtros para la tabla `tb_compras`
--
ALTER TABLE `tb_compras`
  ADD CONSTRAINT `tb_compras_ibfk_2` FOREIGN KEY (`id_producto`) REFERENCES `tb_almacen` (`id_producto`) ON DELETE NO ACTION ON UPDATE CASCADE,
  ADD CONSTRAINT `tb_compras_ibfk_3` FOREIGN KEY (`id_usuario`) REFERENCES `tb_usuarios` (`id_usuario`) ON DELETE NO ACTION ON UPDATE CASCADE,
  ADD CONSTRAINT `tb_compras_ibfk_4` FOREIGN KEY (`id_proveedor`) REFERENCES `tb_proveedores` (`id_proveedor`) ON DELETE NO ACTION ON UPDATE NO ACTION;

--
-- Filtros para la tabla `tb_usuarios`
--
ALTER TABLE `tb_usuarios`
  ADD CONSTRAINT `tb_usuarios_ibfk_1` FOREIGN KEY (`id_rol`) REFERENCES `tb_roles` (`id_rol`) ON UPDATE CASCADE;
COMMIT;

/*!40101 SET CHARACTER_SET_CLIENT=@OLD_CHARACTER_SET_CLIENT */;
/*!40101 SET CHARACTER_SET_RESULTS=@OLD_CHARACTER_SET_RESULTS */;
/*!40101 SET COLLATION_CONNECTION=@OLD_COLLATION_CONNECTION */;
